{"client_meta":{"background_color":{"r":0.8980392217636108,"g":0.8980392217636108,"b":0.8980392217636108,"a":1},"thumbnail_size":{"width":400,"height":223},"render_coordinates":{"x":-8995,"y":-6252,"width":43579,"height":24297}},"file_name":".","developer_related_links":[]}